Institution name,Main panel,Unit of assessment number,ICS_GPA
University of East London,C,21.0,2.667
University of Lincoln,A,6.0,3.0
University of Cambridge,A,4.0,3.667
University of Cambridge,A,6.0,3.5
University of Derby,C,20.0,2.333
"University of Nottingham, The",D,29.0,3.667
Brunel University London,B,12.0,2.7220000000000004
University of Cambridge,A,2.0,3.6259999999999994
Brunel University London,B,7.0,3.5
Middlesex University,B,11.0,2.5
Bath Spa University,D,32.0,2.1659999999999995
Edinburgh Napier University,D,32.0,2.5
University of the West of Scotland,C,24.0,2.8339999999999996
University of Oxford,D,28.0,3.45
Loughborough University,B,12.0,3.6
Brunel University London,C,17.0,2.25
Oxford Brookes University,C,13.0,2.5
"University of Nottingham, The",A,5.0,3.2140000000000004
The Open University,C,17.0,3.3340000000000005
Edinburgh Napier University,C,13.0,3.5
Royal College of Music,D,33.0,3.3329999999999997
Edinburgh Napier University,C,24.0,2.8329999999999997
University of Cambridge,A,5.0,3.636
"University of Salford, The",D,33.0,3.5
Birkbeck College,D,32.0,3.667
The Open University,C,23.0,3.0009999999999994
University of Oxford,D,33.0,2.5010000000000003
Heriot-Watt University,D,25.0,3.25
The University of East Anglia,A,5.0,3.4170000000000003
The University of Liverpool,D,34.0,3.8329999999999997
Swansea University / Prifysgol Abertawe,D,26.0,2.5
King's College London,D,28.0,3.7859999999999996
Goldsmiths' College,D,33.0,3.167
Queen's University of Belfast,C,20.0,3.75
University of Greenwich,C,20.0,2.75
Wrexham Glyndŵr University / Prifysgol Glyndŵr Wrecsam,D,32.0,2.5
The University of Reading,D,33.0,3.0
Goldsmiths' College,D,32.0,3.5840000000000005
Swansea University / Prifysgol Abertawe,D,27.0,3.3329999999999997
University of Aberdeen,D,30.0,2.25
Courtauld Institute of Art,D,32.0,3.25
University of Stirling,C,20.0,3.25
University of Strathclyde,C,20.0,2.75
The University of Hull,D,27.0,3.5
Goldsmiths' College,D,34.0,3.667
"University of Nottingham, The",D,26.0,3.5
University of Northumbria at Newcastle,C,17.0,3.0
Queen's University of Belfast,C,14.0,2.75
University of St Andrews,D,27.0,3.667
The University of Bradford,B,8.0,2.75
The University of Lancaster,B,7.0,3.8329999999999997
York St John University,C,21.0,1.5
University of Gloucestershire,D,34.0,2.75
Queen Mary University of London,A,3.0,3.375
"University of Salford, The",D,25.0,3.0
Queen Mary University of London,B,9.0,3.125
University of Edinburgh,D,27.0,3.75
University of Oxford,D,26.0,2.7510000000000003
University of Southampton,D,28.0,3.5
Kingston University,D,33.0,3.5
Guildhall School of Music & Drama,D,33.0,4.0
Manchester Metropolitan University,D,27.0,3.7
"Queen Margaret University, Edinburgh",D,34.0,3.5
"University of Salford, The",D,27.0,2.75
Bangor University / Prifysgol Bangor,C,21.0,3.5
The University of Manchester,D,32.0,4.0
The University of Bath,B,8.0,3.5
University of Gloucestershire,C,14.0,2.75
Goldsmiths' College,D,27.0,3.333
University of Sunderland,D,32.0,2.75
University of East London,C,18.0,2.5
University of Southampton,B,8.0,3.5
University of Ulster,D,34.0,3.0
University of Dundee,D,32.0,3.625
University of Southampton,B,9.0,3.5
University of Bristol,D,31.0,2.75
University of Bedfordshire,D,27.0,4.0
University of Glasgow,A,1.0,3.75
University of Cambridge,A,1.0,3.8929999999999993
The University of Leicester,C,19.0,3.25
University of Lincoln,D,27.0,2.5
The University of Liverpool,B,12.0,3.7859999999999996
Queen's University of Belfast,B,10.0,3.75
Oxford Brookes University,D,33.0,2.8339999999999996
University of Cambridge,D,33.0,3.8329999999999997
University of Cambridge,D,30.0,3.5
The University of Bolton,D,32.0,2.75
King's College London,A,5.0,3.0
University of Durham,B,9.0,3.3570000000000007
The University of Huddersfield,C,17.0,2.929
London Metropolitan University,D,32.0,3.667
University of Cambridge,D,27.0,3.5
The University of West London,B,12.0,1.75
University of South Wales / Prifysgol De Cymru,C,20.0,3.1659999999999995
Bangor University / Prifysgol Bangor,D,26.0,3.333
Queen Mary University of London,C,18.0,3.3340000000000005
University of Central Lancashire,D,34.0,3.0
University of Southampton,A,1.0,3.6
"City, University of London",B,11.0,3.5
Manchester Metropolitan University,D,32.0,3.556
University of Exeter,D,27.0,3.4159999999999995
University of Newcastle upon Tyne,A,4.0,3.0
The University of Sheffield,C,17.0,3.611
Queen's University of Belfast,A,3.0,3.444
Cardiff University / Prifysgol Caerdydd,B,11.0,3.625
University of Aberdeen,A,4.0,3.333
University of Strathclyde,B,8.0,3.5
University of Strathclyde,A,3.0,3.8570000000000007
"City, University of London",C,19.0,2.9999999999999996
Harper Adams University,A,6.0,2.625
Queen Mary University of London,B,8.0,3.75
The University of Manchester,A,5.0,3.611
The University of Manchester,A,4.0,3.8570000000000007
De Montfort University,D,27.0,3.5
Cardiff University / Prifysgol Caerdydd,A,3.0,3.055
Cardiff University / Prifysgol Caerdydd,A,4.0,3.7779999999999996
University College London,C,13.0,3.667
"Imperial College of Science, Technology and Medicine",B,10.0,3.7859999999999996
The University of Bradford,B,12.0,2.75
Cardiff University / Prifysgol Caerdydd,C,17.0,3.5
Queen Mary University of London,A,5.0,3.5
Kingston University,B,12.0,2.5
The University of Hull,C,14.0,2.875
The University of Leeds,A,1.0,3.278
The University of Reading,A,3.0,2.7
Aberystwyth University / Prifysgol Aberystwyth,A,6.0,3.286
University College London,A,4.0,3.6439999999999997
Cardiff University / Prifysgol Caerdydd,D,33.0,3.75
Glasgow Caledonian University,A,3.0,3.8570000000000007
University College London,B,10.0,3.429
University of Gloucestershire,C,23.0,2.25
The University of Westminster,B,11.0,3.1659999999999995
De Montfort University,A,3.0,2.4
The London School of Economics and Political Science,C,22.0,3.8329999999999997
"City, University of London",B,10.0,3.75
London South Bank University,C,13.0,3.5
Cardiff University / Prifysgol Caerdydd,A,5.0,3.6430000000000002
The University of Lancaster,B,10.0,4.0
Brunel University London,B,11.0,2.125
University of Southampton,A,5.0,3.625
University of Plymouth,B,12.0,3.1659999999999995
University of Gloucestershire,C,17.0,2.0
The University of Birmingham,B,9.0,3.5
University of Exeter,A,1.0,3.583
The Open University,B,9.0,3.125
University of Edinburgh,A,1.0,3.8079999999999994
University of Edinburgh,A,4.0,4.0
University of Edinburgh,A,6.0,3.545
University of Aberdeen,A,2.0,3.667
Abertay University,D,32.0,3.5
Edinburgh Napier University,A,3.0,3.25
University of Oxford,C,18.0,3.8329999999999997
University of Oxford,C,16.0,3.5
Manchester Metropolitan University,C,20.0,2.875
University of Ulster,C,20.0,3.667
University of Oxford,B,9.0,3.7
University College London,A,5.0,3.364
The University of Warwick,A,1.0,2.333
University of Edinburgh,B,9.0,3.389
The University of Chichester,D,27.0,2.25
The University of East Anglia,A,3.0,3.25
University of Exeter,C,14.0,3.3
The University of Lancaster,C,17.0,3.15
The University of Leeds,B,8.0,3.125
The University of Leeds,B,12.0,3.55
Loughborough University,B,10.0,3.333
Cardiff University / Prifysgol Caerdydd,C,14.0,3.4
The University of Warwick,B,12.0,3.5
University College London,A,3.0,3.2140000000000004
University College London,A,1.0,3.923
Birmingham City University,C,17.0,2.6670000000000003
Queen's University of Belfast,B,12.0,3.388
The University of Liverpool,B,9.0,3.25
University of Southampton,B,12.0,3.75
The University of Manchester,A,1.0,3.7270000000000003
Goldsmiths' College,A,4.0,3.333
The University of Bolton,D,27.0,3.0
University of Edinburgh,C,13.0,3.583
De Montfort University,C,17.0,2.813
Loughborough University,C,14.0,3.8329999999999997
University of Durham,C,15.0,4.0
Birkbeck College,C,18.0,2.625
Oxford Brookes University,D,28.0,2.3329999999999997
University of Durham,C,21.0,3.8329999999999997
University of Bristol,C,20.0,4.0
The University of Liverpool,C,14.0,2.5
The University of Reading,C,17.0,3.5
University of Plymouth,C,13.0,3.5
University of Stirling,A,3.0,3.2
Queen Mary University of London,B,12.0,3.5
Queen Mary University of London,A,2.0,3.5
University of Oxford,C,22.0,3.0
Manchester Metropolitan University,C,24.0,3.2
Middlesex University,D,32.0,3.333
Roehampton University,C,21.0,3.5
Newman University,C,24.0,2.25
Newman University,C,23.0,1.75
Leeds Beckett University,C,20.0,2.333
University of Oxford,B,10.0,3.9
University of Cambridge,C,13.0,3.875
University of Exeter,C,23.0,3.25
"University of the West of England, Bristol",C,13.0,3.2
The University of Surrey,C,17.0,3.5
University of Derby,B,12.0,2.25
"Arts University Bournemouth, the",D,33.0,2.5
University of Suffolk,C,20.0,3.0
University of the Highlands and Islands,D,26.0,2.5
The Open University,C,14.0,3.0
Queen's University of Belfast,C,17.0,2.8339999999999996
University of St Andrews,C,17.0,3.5
Staffordshire University,D,34.0,3.5
University of Chester,C,20.0,2.5
University of South Wales / Prifysgol De Cymru,A,3.0,3.0
The Royal Veterinary College,A,6.0,3.8329999999999997
University of Dundee,A,3.0,3.8329999999999997
University of Edinburgh,C,17.0,3.5
King's College London,C,23.0,3.875
The University of Liverpool,A,2.0,3.625
University of Oxford,C,21.0,3.875
Loughborough University,C,23.0,3.5
Roehampton University,D,31.0,2.75
Kingston University,A,3.0,3.2140000000000004
University of Dundee,C,17.0,2.667
The University of Manchester,C,17.0,3.7
The University of Sheffield,A,1.0,3.8129999999999997
University of Dundee,A,5.0,3.8329999999999997
University of Edinburgh,B,10.0,3.333
The University of Warwick,A,5.0,3.2
King's College London,B,12.0,3.75
Bangor University / Prifysgol Bangor,B,7.0,3.917
University of Aberdeen,D,26.0,3.0
University of Durham,B,11.0,3.667
The University of Leicester,B,12.0,2.667
University of Glasgow,B,12.0,3.2769999999999997
University of Wolverhampton,B,12.0,2.167
University of Keele,B,10.0,2.5
Queen Mary University of London,B,10.0,3.3
University of Edinburgh,B,12.0,3.2090000000000005
Swansea University / Prifysgol Abertawe,B,12.0,3.1659999999999995
Aston University,B,12.0,2.563
The University of Bath,A,3.0,3.5
Aberystwyth University / Prifysgol Aberystwyth,B,10.0,2.75
Bangor University / Prifysgol Bangor,B,12.0,3.0
University of Exeter,A,4.0,3.75
University of Keele,B,12.0,3.333
The University of Leeds,C,14.0,3.6
The Open University,C,20.0,3.7
The University of Essex,D,28.0,3.0
The University of Leicester,D,34.0,3.75
The University of Surrey,B,12.0,3.15
"University of Nottingham, The",C,16.0,3.667
Kingston University,C,19.0,3.25
University of Strathclyde,C,17.0,3.389
University of Newcastle upon Tyne,D,34.0,3.875
University College London,C,23.0,3.923
University of the West of Scotland,B,12.0,2.1659999999999995
University of Cambridge,B,10.0,3.7779999999999996
University College London,A,2.0,3.95
University of Glasgow,D,28.0,3.8
University of Oxford,C,17.0,3.6430000000000002
University of Plymouth,A,3.0,2.875
Middlesex University,D,33.0,2.8329999999999997
University of Southampton,A,4.0,4.0
The University of Kent,C,14.0,3.25
The Open University,A,3.0,2.9999999999999996
Royal Holloway and Bedford New College,C,14.0,3.5
The University of Westminster,D,34.0,3.667
Royal Holloway and Bedford New College,D,28.0,3.5
Loughborough University,C,24.0,3.7859999999999996
King's College London,A,1.0,3.65
Leeds Beckett University,C,24.0,3.667
The University of Kent,B,11.0,3.5
University of Plymouth,B,7.0,3.3
The University of Kent,A,5.0,3.8329999999999997
University of Southampton,A,3.0,3.8
Cardiff University / Prifysgol Caerdydd,B,12.0,3.5629999999999997
The University of Surrey,B,10.0,2.6670000000000003
AECC University College,A,3.0,2.25
University of Glasgow,D,26.0,2.0
"University of Nottingham, The",C,17.0,3.1669999999999994
University of Bristol,D,33.0,3.3339999999999996
King's College London,C,21.0,3.333
The University of Westminster,D,32.0,4.0
Cardiff University / Prifysgol Caerdydd,D,28.0,3.25
University of Wolverhampton,D,34.0,3.25
University of York,B,7.0,3.8329999999999997
Oxford Brookes University,D,32.0,3.0
The University of Leeds,B,7.0,3.444
University of Bristol,B,8.0,3.8
University of Ulster,B,12.0,3.625
The University of Manchester,B,7.0,3.75
University of Cambridge,C,19.0,3.25
University of Bristol,D,26.0,3.5
De Montfort University,C,18.0,1.3339999999999999
University of Strathclyde,D,27.0,3.5
"Solent University, Southampton",D,34.0,1.5
University of Glasgow,B,7.0,3.0
The University of Kent,D,28.0,4.0
The University of Manchester,C,21.0,3.5
The University of Warwick,D,27.0,3.25
University of Keele,C,20.0,2.8339999999999996
School of Oriental and African Studies,C,22.0,2.625
Goldsmiths' College,B,11.0,3.0
King's College London,B,11.0,3.75
The University of Liverpool,B,11.0,2.125
University of Oxford,D,30.0,2.8759999999999994
University of Lincoln,B,11.0,3.8329999999999997
"Imperial College of Science, Technology and Medicine",C,14.0,3.875
Buckinghamshire New University,C,24.0,2.25
The University of Birmingham,D,26.0,3.1659999999999995
University of Glasgow,B,11.0,4.0
Queen Mary University of London,D,26.0,3.333
London Business School,C,17.0,3.1879999999999997
Buckinghamshire New University,D,32.0,3.75
Queen's University of Belfast,D,28.0,2.9999999999999996
University of St Andrews,B,7.0,3.5
The University of Warwick,C,19.0,3.5
University of Sunderland,D,34.0,2.75
University of Durham,A,4.0,3.0
University of Aberdeen,A,1.0,2.833
University of Southampton,D,26.0,3.3329999999999997
The University of Reading,D,27.0,2.5
University of Sunderland,A,3.0,2.333
The University of Bath,C,17.0,3.429
The London School of Economics and Political Science,C,17.0,3.375
King's College London,B,8.0,4.0
University of Exeter,C,19.0,3.4
Leeds Beckett University,C,17.0,2.5
University of Oxford,D,29.0,3.428000000000001
"University of the West of England, Bristol",D,27.0,2.25
The University of Leicester,D,28.0,3.667
University of Oxford,C,14.0,3.5629999999999997
University of Winchester,C,20.0,2.25
Middlesex University,C,20.0,2.375
University of Bristol,B,10.0,3.7859999999999996
University of Sussex,C,22.0,3.667
The University of Reading,A,5.0,1.75
University of East London,A,4.0,2.6670000000000003
The University of Liverpool,C,17.0,3.5
Sheffield Hallam University,A,5.0,2.5
Aston University,A,3.0,3.2509999999999994
University of Southampton,A,2.0,3.5
Oxford Brookes University,A,5.0,3.5
University of Strathclyde,B,11.0,3.333
University College London,B,8.0,3.7
Coventry University,B,12.0,2.278
University College London,B,12.0,3.7270000000000003
University of Aberdeen,B,10.0,2.5
"University of Northampton, The",B,12.0,2.0
University of Gloucestershire,B,12.0,1.5
University of Durham,B,8.0,3.5
University of Aberdeen,B,7.0,3.286
University of Brighton,C,20.0,3.125
"University of Nottingham, The",C,14.0,3.0
Anglia Ruskin University Higher Education Corporation,A,4.0,3.0
University of Chester,A,3.0,3.0
Queen's University of Belfast,C,18.0,4.0
University of Newcastle upon Tyne,A,1.0,3.556
Queen Mary University of London,A,1.0,3.5
University of Bedfordshire,D,34.0,2.25
The University of Huddersfield,B,8.0,2.167
University of Winchester,C,15.0,1.5
University of Cambridge,C,15.0,4.0
University of St Andrews,D,29.0,2.9999999999999996
University of Oxford,C,15.0,3.875
University of Sussex,A,1.0,3.0
University of Wolverhampton,D,32.0,3.25
King's College London,C,19.0,3.5
University of the Highlands and Islands,C,15.0,3.5
University of Exeter,B,9.0,2.875
The University of Lancaster,B,9.0,3.1
The University of Bath,B,11.0,3.167
Oxford Brookes University,B,11.0,3.0
"University of the West of England, Bristol",D,32.0,3.1659999999999995
Norwich University of the Arts,D,32.0,3.0
Goldsmiths' College,C,23.0,1.75
The University of Manchester,A,2.0,3.3569999999999998
University of St Andrews,C,14.0,3.333
University of East London,C,13.0,2.5
University of Durham,B,12.0,3.625
University of Oxford,B,7.0,3.5
University of Edinburgh,B,7.0,3.667
King's College London,C,18.0,3.167
University of Exeter,D,25.0,4.0
University of Wales Trinity Saint David / Prifysgol Cymru Y Drindod Dewi Sant,D,32.0,3.0
University of Newcastle upon Tyne,B,11.0,3.75
Aberystwyth University / Prifysgol Aberystwyth,B,9.0,2.25
The University of Hull,B,9.0,3.5
The University of Sheffield,B,12.0,3.7279999999999998
University of East London,D,32.0,2.25
University of York,B,9.0,3.6
Birmingham City University,B,11.0,2.168
Roehampton University,D,33.0,4.0
Leeds Beckett University,D,33.0,2.167
University College London,B,11.0,3.8129999999999997
The University of Bradford,B,11.0,3.0
Brunel University London,B,10.0,2.6660000000000004
University of Hertfordshire,B,11.0,3.5
Aberystwyth University / Prifysgol Aberystwyth,B,11.0,3.333
Bournemouth University,C,14.0,3.333
Swansea University / Prifysgol Abertawe,A,3.0,3.5
University of Bristol,B,12.0,3.7220000000000004
University of Greenwich,C,17.0,3.0
University of Sussex,A,5.0,3.3
University of Durham,B,10.0,3.167
University of Exeter,A,5.0,3.563
Aston University,D,26.0,3.0
Nottingham Trent University,D,27.0,3.25
University of Hertfordshire,A,6.0,3.75
The University of Manchester,D,26.0,3.7
University of Newcastle upon Tyne,A,3.0,3.75
University of Southampton,C,14.0,3.625
King's College London,A,3.0,3.8640000000000003
King's College London,C,17.0,3.5009999999999994
Leeds Beckett University,C,18.0,1.75
The London School of Economics and Political Science,C,20.0,4.0
Kingston University,C,23.0,3.25
University of Ulster,C,13.0,3.4
University of Oxford,A,5.0,3.7079999999999997
University of Sunderland,C,20.0,4.0
University of Northumbria at Newcastle,D,32.0,3.1879999999999997
University of Chester,D,32.0,2.75
University of St Andrews,D,33.0,2.5
School of Oriental and African Studies,D,26.0,3.3339999999999996
Birmingham City University,D,32.0,3.0
The University of Leeds,D,26.0,3.4290000000000003
Glasgow Caledonian University,B,12.0,1.9999999999999998
University of York,B,12.0,3.5
"Imperial College of Science, Technology and Medicine",B,12.0,3.8670000000000004
University of York,A,2.0,3.9290000000000003
The University of Hull,B,11.0,3.5
University of Oxford,A,1.0,3.8440000000000003
University of Durham,C,14.0,3.5
The University of Birmingham,D,27.0,3.4170000000000003
Buckinghamshire New University,A,3.0,2.5
Manchester Metropolitan University,C,23.0,3.5
University of York,A,5.0,3.3329999999999997
Edinburgh Napier University,B,11.0,4.0
Birkbeck College,D,27.0,4.0
De Montfort University,D,32.0,2.8329999999999997
Robert Gordon University,A,3.0,2.8329999999999997
University of Cambridge,C,16.0,3.875
Queen's University of Belfast,A,2.0,2.625
Manchester Metropolitan University,C,17.0,3.5
The University of Bolton,A,4.0,1.5
University of Sussex,C,17.0,3.375
University of Lincoln,C,17.0,2.8329999999999997
Bournemouth University,D,32.0,3.3329999999999997
"Imperial College of Science, Technology and Medicine",B,8.0,3.4
The University of Leeds,A,4.0,3.5
School of Oriental and African Studies,D,25.0,3.75
University of Glasgow,C,19.0,3.25
University of Edinburgh,D,26.0,3.1430000000000002
The University of Leicester,C,17.0,3.375
Swansea University / Prifysgol Abertawe,A,2.0,2.75
University of Cambridge,C,18.0,3.5
University of Durham,C,18.0,3.7
University of Dundee,C,18.0,2.5
Goldsmiths' College,C,21.0,3.0
University of Greenwich,D,27.0,1.75
Royal College of Art(The),D,32.0,3.055
University of St Andrews,B,10.0,3.75
The University of Huddersfield,D,33.0,2.25
University of Oxford,D,25.0,3.2140000000000004
The University of Lancaster,D,28.0,3.5
University of Sussex,D,34.0,3.5
University of Durham,D,33.0,3.0
The University of Warwick,C,18.0,3.375
The University of Kent,C,18.0,3.875
University of Bristol,A,2.0,3.9440000000000004
University of Bristol,A,4.0,3.0
University of Bristol,B,9.0,3.6
The University of Kent,D,31.0,4.0
University of Cambridge,D,28.0,2.9989999999999997
University of Wolverhampton,D,25.0,3.5
De Montfort University,D,34.0,2.75
The University of Essex,D,32.0,3.5
University of Hertfordshire,B,12.0,3.1659999999999995
University of Oxford,A,4.0,3.9
Swansea University / Prifysgol Abertawe,B,9.0,3.167
University of the West of Scotland,C,20.0,2.4
Nottingham Trent University,C,17.0,2.9
The University of Manchester,C,16.0,3.625
University of Greenwich,D,28.0,1.5
The University of Sheffield,D,33.0,3.25
King's College London,C,14.0,3.5
Goldsmiths' College,D,28.0,3.5
University of Sussex,D,28.0,3.8329999999999997
University of Keele,A,5.0,3.25
University of Sussex,C,14.0,3.8329999999999997
Birmingham City University,D,33.0,3.333
University of St Andrews,D,26.0,3.5
University of Bedfordshire,B,11.0,2.5
The University of Birmingham,C,17.0,3.445
Loughborough University,C,17.0,3.2219999999999995
Liverpool Hope University,C,19.0,1.5
University of Southampton,C,18.0,3.1659999999999995
The University of Leicester,A,4.0,3.75
University of Edinburgh,C,19.0,3.8
University of Newcastle upon Tyne,C,14.0,3.5
University of Central Lancashire,C,17.0,3.5
University of Lincoln,B,10.0,1.25
Queen's University of Belfast,B,8.0,3.8329999999999997
University of Cambridge,C,22.0,3.0
University of Derby,C,17.0,2.167
University of Exeter,C,21.0,3.625
University of Stirling,D,30.0,3.25
University of Central Lancashire,B,10.0,0.0
University of Cambridge,C,17.0,3.6
University of Winchester,A,4.0,1.6669999999999998
University College London,B,7.0,3.4
University of Strathclyde,C,13.0,4.0
University of Gloucestershire,C,21.0,2.75
The University of Bolton,C,17.0,1.5
Queen Mary University of London,C,19.0,3.75
The University of Manchester,B,8.0,3.5
University of Central Lancashire,D,32.0,3.5
University of Exeter,B,12.0,3.0829999999999997
University of Newcastle upon Tyne,C,17.0,2.944
"Imperial College of Science, Technology and Medicine",A,5.0,3.286
Leeds Beckett University,D,32.0,2.8339999999999996
University of Southampton,D,27.0,3.8329999999999997
University of Cambridge,D,26.0,3.389
University of Cambridge,B,8.0,3.8329999999999997
University of Cambridge,D,29.0,2.9
"City, University of London",D,33.0,3.25
University of Aberdeen,D,28.0,2.4999999999999996
University of Greenwich,B,8.0,3.75
University of Dundee,D,27.0,3.5
University of Northumbria at Newcastle,A,3.0,3.055
Leeds Beckett University,D,27.0,2.0
University of Lincoln,D,34.0,2.5
University of Edinburgh,C,18.0,3.5840000000000005
The University of Leeds,C,24.0,3.333
The University of Leeds,A,5.0,3.2140000000000004
University of Oxford,C,20.0,3.5
Ravensbourne University London,D,32.0,2.25
The University of Liverpool,C,15.0,3.25
University of Derby,D,32.0,2.5
King's College London,C,24.0,4.0
Queen Mary University of London,B,11.0,4.0
University of Cambridge,B,9.0,3.8890000000000002
The University of East Anglia,D,27.0,3.5
London Metropolitan University,B,10.0,4.0
The University of Chichester,C,17.0,1.75
Coventry University,C,19.0,3.625
University of Winchester,C,18.0,
University of Sussex,D,27.0,3.5
Loughborough University,D,34.0,4.0
University of Glasgow,D,27.0,3.2
Royal Conservatoire of Scotland,D,33.0,3.667
University of Edinburgh,D,32.0,3.428000000000001
The University of Sheffield,D,27.0,3.625
York St John University,D,26.0,3.0
University of Strathclyde,D,28.0,3.75
Bishop Grosseteste University,C,23.0,1.1669999999999998
Middlesex University,C,18.0,3.3329999999999997
University of Central Lancashire,D,25.0,2.5
The University of Warwick,C,21.0,3.125
Liverpool Hope University,C,23.0,1.9999999999999998
University of Newcastle upon Tyne,C,21.0,2.8339999999999996
Middlesex University,C,24.0,3.25
Cardiff University / Prifysgol Caerdydd,A,1.0,3.214
University of Northumbria at Newcastle,A,4.0,3.2
The University of Westminster,D,26.0,2.6670000000000003
The University of Liverpool,D,27.0,3.75
University of Durham,D,27.0,3.5
University of Durham,C,22.0,3.667
Birmingham City University,D,34.0,3.667
Nottingham Trent University,D,34.0,3.5
Bath Spa University,D,28.0,3.0
The University of Westminster,D,28.0,1.75
Brunel University London,D,33.0,2.3329999999999997
The University of Reading,D,26.0,3.5
University of Durham,C,17.0,3.5
The University of Reading,C,23.0,2.75
The University of Warwick,A,2.0,3.6670000000000003
London South Bank University,C,24.0,2.75
Cardiff University / Prifysgol Caerdydd,D,27.0,3.9
University of York,D,32.0,4.0
Bangor University / Prifysgol Bangor,C,24.0,3.75
The University of Kent,C,20.0,3.8329999999999997
University of Northumbria at Newcastle,C,18.0,3.25
Cardiff University / Prifysgol Caerdydd,C,13.0,3.667
University of Stirling,A,6.0,4.0
The University of Sheffield,C,23.0,4.0
The University of Liverpool,D,26.0,3.8329999999999997
The University of Reading,C,22.0,3.75
The University of Birmingham,A,5.0,3.4
University of Durham,C,24.0,3.75
Swansea University / Prifysgol Abertawe,C,19.0,3.333
"University of Nottingham, The",C,22.0,3.0
Bournemouth University,C,20.0,2.167
The University of Bath,C,19.0,3.167
The University of Birmingham,C,22.0,3.75
The University of Leeds,C,19.0,3.375
Royal Holloway and Bedford New College,C,19.0,3.5
University of Edinburgh,D,28.0,3.25
Teesside University,A,3.0,3.2
The University of Birmingham,D,30.0,3.5
The University of Birmingham,D,29.0,3.0
"University of Nottingham, The",A,6.0,3.1669999999999994
The University of Huddersfield,D,34.0,3.25
University College London,D,25.0,4.0
Nottingham Trent University,A,4.0,3.6
The University of Essex,C,16.0,3.2
University of Winchester,C,24.0,2.25
University of Central Lancashire,A,4.0,3.0
University of Glasgow,C,14.0,4.0
York St John University,D,33.0,3.25
The University of Lancaster,C,18.0,3.875
The University of Sheffield,A,2.0,3.8329999999999997
Nottingham Trent University,C,24.0,3.0
The University of Westminster,C,18.0,2.8329999999999997
The University of Hull,A,3.0,3.8
The University of Sheffield,D,26.0,2.9999999999999996
The University of Bath,B,10.0,3.3
The University of Sheffield,C,18.0,2.9999999999999996
Kingston University,C,17.0,2.75
De Montfort University,C,20.0,3.333
Leeds Beckett University,A,3.0,3.1659999999999995
University of Ulster,A,4.0,3.667
University of Oxford,C,23.0,4.0
University of Dundee,C,23.0,2.5
Abertay University,B,12.0,3.167
The University of Reading,C,13.0,3.6
University of Hertfordshire,A,3.0,3.6670000000000003
The University of Essex,C,17.0,3.056
Brunel University London,C,16.0,2.25
The University of Sheffield,C,21.0,2.875
University of Winchester,D,33.0,2.75
Stranmillis University College,C,23.0,2.25
"City, University of London",A,3.0,3.667
Bath Spa University,D,27.0,3.1659999999999995
The University of Sheffield,D,28.0,2.625
The University of Manchester,D,27.0,3.75
Liverpool Hope University,D,32.0,1.5
The University of Warwick,D,29.0,3.75
Cardiff University / Prifysgol Caerdydd,D,26.0,3.667
Royal Holloway and Bedford New College,B,7.0,2.6670000000000003
The University of East Anglia,D,34.0,3.3329999999999997
University of Bedfordshire,C,24.0,2.75
Royal Holloway and Bedford New College,C,16.0,3.3329999999999997
Leeds Beckett University,C,13.0,2.8339999999999996
University of Dundee,C,14.0,3.5
Abertay University,A,4.0,2.5
University of Bristol,C,18.0,3.8
University of Ulster,C,14.0,3.5
University of Brighton,A,3.0,3.389
"Queen Margaret University, Edinburgh",C,17.0,2.25
London Metropolitan University,D,25.0,3.667
Bournemouth University,D,34.0,3.667
University of York,D,30.0,4.0
Abertay University,C,18.0,1.5
"University of the West of England, Bristol",C,18.0,3.5
The University of Surrey,C,18.0,1.6669999999999998
Anglia Ruskin University Higher Education Corporation,D,33.0,4.0
The University of Hull,C,17.0,3.0
"University of Northampton, The",A,5.0,2.0
The University of Birmingham,A,1.0,3.5909999999999997
Abertay University,C,21.0,2.25
University of Brighton,D,34.0,3.1
Roehampton University,A,4.0,3.667
University of Central Lancashire,A,3.0,3.0
Bath Spa University,A,4.0,2.0
University of Durham,A,5.0,3.125
The University of Reading,C,19.0,3.0
University of Plymouth,A,4.0,3.5
University of York,C,16.0,3.375
University of Gloucestershire,D,28.0,1.0
University of York,B,10.0,3.375
The University of Liverpool,B,8.0,3.875
University of East London,C,23.0,2.25
University of Bristol,A,1.0,3.7140000000000004
Liverpool Hope University,C,20.0,2.333
The University of Birmingham,D,28.0,3.25
"Queen Margaret University, Edinburgh",D,26.0,3.0
Oxford Brookes University,A,3.0,2.8329999999999997
King's College London,D,34.0,3.8
University of Glasgow,A,3.0,3.5
King's College London,D,31.0,3.5
University College London,C,15.0,3.4
"University of Nottingham, The",D,27.0,3.75
University of Durham,D,28.0,3.3
The University of Westminster,C,19.0,3.8329999999999997
The Open University,C,18.0,2.6670000000000003
University College London,D,29.0,3.5
University of Edinburgh,C,21.0,3.3329999999999997
University of Exeter,B,10.0,3.875
University of Lincoln,D,32.0,3.25
"Imperial College of Science, Technology and Medicine",B,9.0,3.444
The University of Manchester,C,14.0,3.125
University of Exeter,B,7.0,3.75
The University of Manchester,D,30.0,3.75
Institute of Cancer Research: Royal Cancer Hospital (The),A,1.0,3.667
University of Keele,C,18.0,3.0
The University of Liverpool,C,20.0,3.1659999999999995
The University of Essex,C,18.0,3.6430000000000002
Loughborough University,B,8.0,2.8339999999999996
University of Strathclyde,C,23.0,2.6670000000000003
University of Gloucestershire,C,24.0,2.75
Canterbury Christ Church University,D,34.0,3.25
Edge Hill University,C,14.0,1.75
University of Keele,D,28.0,1.75
"University of the West of England, Bristol",C,17.0,2.9
University of Exeter,A,2.0,3.5
University of Edinburgh,B,11.0,4.0
University of Stirling,D,34.0,3.0
The University of Birmingham,D,32.0,3.75
Edge Hill University,C,20.0,2.25
Leeds Arts University,D,32.0,1.6669999999999998
The University of East Anglia,C,16.0,3.1659999999999995
University of Sussex,B,10.0,3.1659999999999995
The University of Birmingham,C,19.0,3.25
The University of East Anglia,D,30.0,3.25
University of Glasgow,C,18.0,3.4
Teesside University,C,20.0,2.8329999999999997
Leeds Beckett University,A,4.0,3.333
"University of the Arts, London",D,32.0,3.25
University of Northumbria at Newcastle,D,27.0,3.375
University of Central Lancashire,D,28.0,3.0
The London School of Economics and Political Science,D,28.0,2.5
University of St Andrews,C,19.0,3.25
The University of Kent,A,3.0,2.6670000000000003
The University of Chichester,B,12.0,2.25
University of Sussex,B,9.0,3.125
University of Glasgow,B,8.0,2.875
Royal Holloway and Bedford New College,B,9.0,2.5
The University of Sheffield,B,11.0,3.7
The University of Bath,B,9.0,3.625
Brunel University London,C,22.0,2.5
University of Glasgow,A,5.0,3.0
Nottingham Trent University,A,3.0,3.0
University of St Andrews,B,9.0,3.5
University of Hertfordshire,B,9.0,3.5
University of Bristol,A,5.0,3.25
"University of Nottingham, The",A,1.0,3.333
The University of Essex,A,5.0,3.25
The University of Reading,B,7.0,3.7140000000000004
The University of Bradford,C,19.0,3.0
Glasgow Caledonian University,C,17.0,3.167
Swansea University / Prifysgol Abertawe,C,24.0,3.5
Birmingham City University,A,3.0,3.5
University of Cambridge,B,12.0,3.8179999999999996
The University of Surrey,C,21.0,3.333
Glasgow Caledonian University,B,11.0,2.5
The University of East Anglia,B,11.0,3.333
University of Hertfordshire,D,28.0,3.5
University of Plymouth,C,17.0,2.667
University of York,C,19.0,3.25
University of Sussex,C,19.0,3.333
The University of Hull,D,33.0,3.0
University of Hertfordshire,D,32.0,3.0
Roehampton University,D,27.0,3.1659999999999995
University of Stirling,C,23.0,3.667
The University of Westminster,A,4.0,2.5
Manchester Metropolitan University,B,7.0,3.75
University of Plymouth,D,32.0,2.25
University of Chester,A,5.0,2.25
The University of Leicester,C,14.0,2.5
University of Edinburgh,D,29.0,3.125
King's College London,D,29.0,3.8329999999999997
The University of Cumbria,C,14.0,2.75
University of Aberdeen,C,19.0,2.75
Bangor University / Prifysgol Bangor,C,17.0,2.9999999999999996
University of Southampton,C,17.0,3.572
Cardiff University / Prifysgol Caerdydd,C,15.0,3.75
University of York,C,15.0,3.167
Leeds Trinity University,D,33.0,1.25
University College London,D,26.0,3.5829999999999997
The University of Manchester,B,11.0,3.7
The University of Bradford,A,4.0,1.5
The Open University,B,12.0,2.6670000000000003
University College London,D,32.0,3.75
The Metanoia Institute,A,4.0,1.0
London School of Hygiene and Tropical Medicine,A,2.0,3.75
Nottingham Trent University,C,14.0,2.5
The University of Sheffield,A,5.0,3.75
University of Lincoln,C,23.0,2.75
Swansea University / Prifysgol Abertawe,D,28.0,3.667
The University of Manchester,D,28.0,3.75
The University of Surrey,B,9.0,3.3329999999999997
University of Southampton,B,11.0,4.0
University of Lincoln,C,15.0,
Abertay University,A,3.0,2.25
Cranfield University,B,12.0,3.25
The University of Leeds,C,21.0,3.5
The University of Kent,D,27.0,3.5
The London School of Economics and Political Science,B,10.0,3.625
Coventry University,B,10.0,2.75
The University of West London,C,20.0,3.5
"Imperial College of Science, Technology and Medicine",A,1.0,3.7329999999999997
Birkbeck College,C,14.0,1.25
University of Northumbria at Newcastle,D,28.0,2.5
Bournemouth University,A,3.0,3.1659999999999995
University of Stirling,C,17.0,3.3
The University of Sheffield,D,34.0,3.75
University of Exeter,D,26.0,3.5
"St Mary's University, Twickenham",D,27.0,2.75
The Open University,D,29.0,3.5
Leeds Beckett University,D,34.0,2.25
Middlesex University,C,17.0,3.7859999999999996
Buckinghamshire New University,C,23.0,1.25
The University of Birmingham,C,20.0,3.25
University of Chester,C,23.0,2.0
"City, University of London",C,21.0,3.75
University of Stirling,C,14.0,3.5
The University of Westminster,C,13.0,3.5
Bournemouth University,B,11.0,2.75
Sheffield Hallam University,D,27.0,3.3329999999999997
London South Bank University,D,34.0,3.5
University of Newcastle upon Tyne,C,20.0,3.5
Rose Bruford College of Theatre and Performance,D,33.0,2.0
The University of Essex,B,10.0,2.8329999999999997
"University of Northampton, The",A,2.0,1.75
University of Bedfordshire,C,17.0,3.0
University of Aberdeen,C,21.0,2.5
University of Northumbria at Newcastle,C,20.0,3.3329999999999997
The University of Chichester,D,33.0,2.75
University of the West of Scotland,D,34.0,1.75
Bath Spa University,C,23.0,3.1659999999999995
The University of Bath,B,12.0,3.556
Kingston University,A,4.0,3.0
The University of Leeds,D,32.0,3.7
Queen's University of Belfast,D,27.0,2.625
The University of Lancaster,D,32.0,3.75
Oxford Brookes University,C,23.0,3.25
York St John University,D,32.0,2.0
University of Sunderland,D,27.0,3.25
Bangor University / Prifysgol Bangor,D,27.0,2.25
Leeds Trinity University,D,27.0,3.0
Queen Mary University of London,D,27.0,3.125
Newman University,D,28.0,1.5
The University of Lancaster,D,31.0,3.375
The University of Leicester,C,20.0,3.25
"City, University of London",C,18.0,2.167
University of Keele,A,4.0,3.5
"University of the West of England, Bristol",B,11.0,3.5
University of Chester,B,12.0,1.25
Royal Holloway and Bedford New College,B,11.0,3.5
University of Edinburgh,A,5.0,3.611
Edge Hill University,D,27.0,3.0
The University of Manchester,D,29.0,4.0
"Queen Margaret University, Edinburgh",C,21.0,1.75
The University of Cumbria,D,32.0,2.75
School of Oriental and African Studies,D,33.0,4.0
Teesside University,D,32.0,3.625
University of Sussex,D,25.0,3.5
Brunel University London,A,3.0,3.083
The University of Cumbria,C,17.0,2.25
"University of Salford, The",B,12.0,3.333
The University of Leicester,A,1.0,3.75
De Montfort University,B,11.0,1.9
University of East London,B,11.0,3.25
The University of West London,B,11.0,1.0
Trinity Laban Conservatoire of Music and Dance,D,33.0,3.5
Coventry University,D,33.0,3.3339999999999996
The University of Chichester,A,4.0,1.5
The University of East Anglia,B,10.0,3.5
The University of Chichester,C,20.0,
King's College London,B,9.0,2.8329999999999997
University of the West of Scotland,B,11.0,2.5
Coventry University,C,17.0,3.0840000000000005
York St John University,C,14.0,0.5
"St Mary's University, Twickenham",D,31.0,3.0
University of St Andrews,C,22.0,3.0
Birmingham City University,C,21.0,2.0
University of East London,D,33.0,2.25
School of Oriental and African Studies,D,34.0,3.25
School of Oriental and African Studies,C,19.0,3.667
Bishop Grosseteste University,D,27.0,2.5
University of Southampton,B,7.0,3.5
Glasgow School of Art,D,32.0,3.5
University of Durham,C,23.0,4.0
Edge Hill University,C,18.0,3.5
The University of Leeds,D,33.0,3.167
Canterbury Christ Church University,C,24.0,3.5
University of the West of Scotland,C,17.0,2.1659999999999995
University of Wolverhampton,C,13.0,2.25
"University of Salford, The",C,17.0,3.25
University of Plymouth,C,14.0,2.8339999999999996
The University of Kent,A,4.0,3.25
University of Exeter,D,29.0,3.667
University of Southampton,C,19.0,3.167
Oxford Brookes University,D,27.0,3.8329999999999997
Birkbeck College,C,16.0,3.1659999999999995
University of Cambridge,D,31.0,3.375
The University of East Anglia,C,18.0,2.667
The University of Bradford,A,3.0,3.0
University of Greenwich,B,12.0,3.0
University of Sussex,B,12.0,2.9999999999999996
"City, University of London",B,12.0,2.25
University of Aberdeen,B,12.0,2.416
University of Chester,C,17.0,3.25
Nottingham Trent University,B,11.0,3.0
University of Exeter,C,17.0,3.7140000000000004
The University of Westminster,C,20.0,3.0
University College London,C,16.0,3.125
The University of Sheffield,C,19.0,3.5
Kingston University,D,32.0,3.625
The University of Huddersfield,C,20.0,3.25
The Open University,D,32.0,3.667
University of Brighton,D,32.0,3.3
Kingston University,D,30.0,1.75
"City, University of London",C,17.0,3.6109999999999998
University of St Andrews,C,16.0,2.6670000000000003
Birkbeck College,C,17.0,3.2
University of Hertfordshire,C,17.0,3.5
The University of Bath,C,16.0,2.5
Anglia Ruskin University Higher Education Corporation,C,18.0,2.25
University of Derby,C,23.0,3.1659999999999995
Bath Spa University,C,17.0,3.25
University of Edinburgh,C,23.0,3.4159999999999995
The University of Surrey,A,3.0,3.444
University of Glasgow,C,23.0,3.75
Birmingham City University,D,27.0,4.0
Teesside University,B,12.0,2.5
Anglia Ruskin University Higher Education Corporation,A,3.0,3.1
Bath Spa University,D,33.0,3.0
De Montfort University,A,4.0,2.75
The University of Manchester,D,25.0,3.0
University College London,C,18.0,3.9
Cardiff Metropolitan University / Prifysgol Metropolitan Caerdydd,C,24.0,3.0
Cardiff University / Prifysgol Caerdydd,B,7.0,3.375
Queen's University of Belfast,A,6.0,3.8329999999999997
King's College London,A,4.0,3.923
Birkbeck College,D,26.0,3.1659999999999995
University of Exeter,D,33.0,3.75
Robert Gordon University,D,32.0,1.75
The University of Chichester,D,31.0,
The University of East Anglia,A,4.0,3.333
University of South Wales / Prifysgol De Cymru,B,10.0,1.5
Coventry University,C,14.0,2.6
Nottingham Trent University,C,13.0,3.0
Canterbury Christ Church University,C,18.0,2.8339999999999996
University of Lincoln,C,18.0,3.0
University of Winchester,C,23.0,2.8339999999999996
Liverpool Hope University,A,4.0,3.5
Birmingham City University,A,4.0,1.9989999999999997
Aberystwyth University / Prifysgol Aberystwyth,C,19.0,3.167
University of Bristol,C,24.0,3.75
Aston University,B,11.0,2.6670000000000003
University of Bedfordshire,B,12.0,1.75
University of Lincoln,A,3.0,3.667
"University of Nottingham, The",A,2.0,4.0
The University of Leeds,A,2.0,2.875
University of Chester,C,24.0,3.0
The University of Essex,B,11.0,3.8329999999999997
University of Chester,B,8.0,2.0
Swansea University / Prifysgol Abertawe,B,7.0,3.333
The University of Birmingham,A,2.0,4.0
University of Glasgow,A,6.0,3.5
University of Dundee,B,12.0,3.5
Queen's University of Belfast,B,9.0,2.75
The University of Leicester,A,5.0,3.9
Canterbury Christ Church University,A,5.0,2.5
Swansea University / Prifysgol Abertawe,B,8.0,3.0
The University of Reading,B,8.0,3.5
The University of Liverpool,A,1.0,3.5
University of Central Lancashire,C,18.0,2.75
University of St Andrews,A,1.0,3.5
University of St Andrews,B,8.0,3.429
University of Strathclyde,B,10.0,3.5
The University of Reading,A,6.0,2.75
"University of Salford, The",A,3.0,3.1659999999999995
University of Strathclyde,B,9.0,3.75
University of York,D,27.0,3.625
University of Northumbria at Newcastle,B,11.0,2.5
University of Chester,B,11.0,2.25
"University of the West of England, Bristol",D,28.0,2.75
University of Wolverhampton,B,11.0,1.25
The University of Reading,D,29.0,3.0
University College London,C,20.0,3.75
King's College London,D,27.0,3.4
The University of Birmingham,C,24.0,3.75
Bournemouth University,C,24.0,3.125
University of Cambridge,C,21.0,3.667
Sheffield Hallam University,C,13.0,3.625
The University of Leeds,B,10.0,3.5
University of Cambridge,D,25.0,2.875
The University of Huddersfield,D,27.0,3.75
University of Newcastle upon Tyne,B,8.0,4.0
School of Oriental and African Studies,C,18.0,3.167
University of Sussex,C,21.0,4.0
University of Edinburgh,D,30.0,2.6670000000000003
University of Derby,B,11.0,2.25
Brunel University London,D,27.0,3.0
The University of Chichester,D,28.0,3.0
Birkbeck College,C,19.0,3.25
Aston University,C,17.0,3.1259999999999994
University of Greenwich,D,32.0,2.8329999999999997
De Montfort University,D,33.0,3.0
University of Hertfordshire,A,4.0,4.0
University of Edinburgh,C,22.0,3.0
Brunel University London,C,18.0,3.25
The University of Kent,D,29.0,4.0
University of Lincoln,D,33.0,3.0
Bishop Grosseteste University,A,4.0,1.5
The University of Westminster,C,17.0,3.75
The University of West London,A,3.0,3.0
University of Bristol,C,14.0,3.75
"University of Northampton, The",C,17.0,2.8329999999999997
The University of Surrey,D,33.0,3.25
The University of Leeds,A,6.0,2.8329999999999997
University of Oxford,A,2.0,3.8329999999999997
University of Stirling,B,11.0,2.75
University of Ulster,D,26.0,3.5
St. George's Hospital Medical School,A,1.0,3.7140000000000004
King's College London,A,2.0,3.75
Staffordshire University,D,32.0,3.5
Hartpury University,C,24.0,2.25
The University of Lancaster,A,3.0,3.429
Liverpool Hope University,C,14.0,1.5
The University of Chichester,C,23.0,1.5
London South Bank University,A,3.0,3.75
St. George's Hospital Medical School,A,2.0,3.0
University of Dundee,A,4.0,2.5
University of Oxford,D,27.0,3.611
Birkbeck College,A,4.0,4.0
The University of Liverpool,B,7.0,3.333
University of Gloucestershire,D,27.0,2.75
University of Strathclyde,B,12.0,3.5
Wrexham Glyndŵr University / Prifysgol Glyndŵr Wrecsam,B,12.0,2.25
Cardiff University / Prifysgol Caerdydd,B,9.0,3.5
University of Aberdeen,C,17.0,2.9
University of Sussex,C,23.0,4.0
University of Ulster,C,23.0,3.5
University of Bristol,C,23.0,3.5
"University of Nottingham, The",C,23.0,3.667
Brunel University London,C,23.0,2.25
University of St Mark & St John,C,23.0,3.0
Buckinghamshire New University,B,7.0,
Middlesex University,A,3.0,2.5
Oxford Brookes University,C,14.0,2.75
The University of Birmingham,A,3.0,3.375
The University of Leeds,D,30.0,2.6659999999999995
University of Oxford,B,8.0,3.572
University of Chester,A,4.0,2.5
London School of Hygiene and Tropical Medicine,A,1.0,3.917
University of Plymouth,C,23.0,3.5
University of Exeter,D,28.0,3.8
Cardiff University / Prifysgol Caerdydd,C,19.0,4.0
Anglia Ruskin University Higher Education Corporation,C,14.0,2.333
University of Aberdeen,C,18.0,3.375
University of Edinburgh,C,24.0,3.875
University of Lincoln,C,24.0,2.5
University of Exeter,C,16.0,3.25
"University of Northampton, The",D,32.0,1.75
York St John University,C,23.0,1.5
University of Keele,D,27.0,3.0
Queen's University of Belfast,A,4.0,1.3330000000000002
The University of Hull,A,4.0,3.5
The University of Huddersfield,A,5.0,3.167
School of Oriental and African Studies,D,28.0,3.1659999999999995
University of Greenwich,C,22.0,3.333
Loughborough University,C,19.0,3.167
The University of Kent,C,22.0,3.1659999999999995
The University of Manchester,B,12.0,3.539
University of Northumbria at Newcastle,C,14.0,3.583
University of Wolverhampton,D,33.0,2.25
University of York,C,17.0,3.3
The Open University,B,11.0,2.5
Swansea University / Prifysgol Abertawe,B,11.0,3.333
"University of Nottingham, The",B,9.0,3.8
Loughborough University,C,13.0,3.8329999999999997
The University of Essex,D,27.0,3.5
The University of Leicester,B,9.0,2.8329999999999997
University College London,C,19.0,3.375
University of Oxford,B,11.0,3.667
The University of Huddersfield,B,11.0,2.9999999999999996
University of Sussex,B,11.0,3.5
The University of Birmingham,C,14.0,3.25
University of Newcastle upon Tyne,B,12.0,3.5
University of Brighton,C,14.0,3.25
University of Central Lancashire,C,15.0,2.75
The University of Surrey,B,11.0,2.667
Falmouth University,D,32.0,3.6
"City, University of London",A,4.0,3.0
Sheffield Hallam University,D,32.0,3.8329999999999997
"University of Salford, The",B,11.0,3.25
University of St Andrews,A,5.0,3.0
The University of Huddersfield,A,3.0,2.3
The University of Lancaster,A,4.0,3.667
Swansea University / Prifysgol Abertawe,C,14.0,3.1659999999999995
Robert Gordon University,B,11.0,2.5
Loughborough University,D,32.0,3.571
Anglia Ruskin University Higher Education Corporation,D,27.0,3.5
The University of Huddersfield,C,23.0,3.0
"University of the West of England, Bristol",C,20.0,3.125
Royal Holloway and Bedford New College,C,17.0,3.0829999999999997
The University of East Anglia,C,22.0,4.0
Institute of Cancer Research: Royal Cancer Hospital (The),A,5.0,3.8329999999999997
Bournemouth University,D,27.0,2.75
Queen's University of Belfast,C,23.0,3.8329999999999997
The University of East Anglia,A,2.0,3.5
"University of Nottingham, The",B,10.0,3.5
University of Bristol,B,11.0,3.9
The University of Huddersfield,B,12.0,3.3570000000000007
Robert Gordon University,C,13.0,1.75
Edinburgh Napier University,C,20.0,3.5
University of Gloucestershire,D,32.0,3.75
University of Newcastle upon Tyne,D,32.0,3.5
University of York,D,28.0,3.875
University of South Wales / Prifysgol De Cymru,D,27.0,2.75
Bath Spa University,C,14.0,2.25
Edge Hill University,D,28.0,3.0
Cardiff Metropolitan University / Prifysgol Metropolitan Caerdydd,C,17.0,3.0
University College London,D,34.0,3.75
The University of Manchester,D,31.0,3.25
The University of Birmingham,A,4.0,3.6
"University of Salford, The",C,13.0,3.25
The University of Essex,C,19.0,3.1
Anglia Ruskin University Higher Education Corporation,C,21.0,3.0
University of Keele,D,33.0,2.5
University College London,D,31.0,2.75
The University of Liverpool,C,13.0,3.5
University of Worcester,C,17.0,2.5
The University of Kent,C,16.0,1.8329999999999997
University of Northumbria at Newcastle,C,24.0,3.8
Cardiff University / Prifysgol Caerdydd,C,23.0,4.0
University of Worcester,C,23.0,1.75
The University of Warwick,C,23.0,3.625
University of Worcester,C,24.0,2.25
Royal Holloway and Bedford New College,D,27.0,3.333
The Open University,C,22.0,3.333
The University of Lancaster,C,23.0,4.0
University of Worcester,A,4.0,1.5
The University of Lancaster,D,26.0,4.0
Anglia Ruskin University Higher Education Corporation,C,20.0,3.5
Aberystwyth University / Prifysgol Aberystwyth,D,26.0,3.0
University of Glasgow,D,32.0,3.8329999999999997
University of Plymouth,C,18.0,3.0
University of Worcester,D,27.0,2.25
Royal Holloway and Bedford New College,D,33.0,3.8329999999999997
Edge Hill University,A,4.0,2.333
The University of Westminster,A,3.0,2.8
Heriot-Watt University,C,17.0,3.1659999999999995
University of the West of Scotland,B,9.0,3.0
Edinburgh Napier University,D,34.0,3.25
The University of Sheffield,C,13.0,3.8329999999999997
University of Sunderland,C,24.0,2.5
University of Wolverhampton,A,3.0,2.25
De Montfort University,B,12.0,3.0
Anglia Ruskin University Higher Education Corporation,D,34.0,3.5
The University of Bath,C,23.0,3.5
University of Edinburgh,C,20.0,3.2149999999999994
Abertay University,C,24.0,2.5
The Open University,D,33.0,3.25
King's College London,D,30.0,2.9999999999999996
University of South Wales / Prifysgol De Cymru,B,11.0,3.25
The University of Warwick,C,17.0,3.389
University College London,D,27.0,3.667
The Open University,D,28.0,3.0
Royal Holloway and Bedford New College,A,3.0,3.0
Staffordshire University,C,20.0,2.25
The University of Essex,C,24.0,3.167
The University of Leeds,C,23.0,3.5
University of Worcester,A,5.0,2.25
University of York,D,26.0,4.0
Cardiff University / Prifysgol Caerdydd,D,34.0,3.8329999999999997
Royal Holloway and Bedford New College,D,34.0,3.25
Anglia Ruskin University Higher Education Corporation,D,32.0,2.75
Canterbury Christ Church University,A,3.0,3.25
Edge Hill University,B,11.0,2.0
Manchester Metropolitan University,A,3.0,3.0000000000000004
The University of East Anglia,A,1.0,3.333
Leeds Trinity University,C,24.0,1.75
University of Greenwich,B,11.0,3.0
Royal Holloway and Bedford New College,D,30.0,2.25
The Open University,D,30.0,2.0
The University of Surrey,C,24.0,3.1659999999999995
The University of Kent,C,19.0,3.125
University of Keele,C,19.0,2.5
The University of Leicester,B,11.0,3.0
Birkbeck College,B,11.0,3.667
The University of East Anglia,C,17.0,3.5
University of St Mark & St John,C,24.0,2.5
Birmingham City University,C,20.0,1.75
The University of Huddersfield,D,26.0,3.0
University College London,D,28.0,3.6
Loughborough University,D,27.0,2.8339999999999996
University of Ulster,D,27.0,3.0
University of Winchester,D,34.0,3.0
The University of Leicester,B,10.0,3.25
Loughborough University,B,11.0,3.667
"University of Nottingham, The",D,25.0,3.5
The Royal Agricultural University,A,6.0,2.0
Robert Gordon University,B,12.0,1.75
Heriot-Watt University,B,11.0,2.9999999999999996
The University of Warwick,B,9.0,3.333
University of York,B,11.0,3.75
University of Bedfordshire,A,3.0,2.3329999999999997
The University of Liverpool,A,6.0,3.5629999999999997
Middlesex University,C,23.0,2.0
The University of Leeds,D,27.0,3.875
Sheffield Hallam University,C,17.0,2.8329999999999997
The University of Manchester,B,9.0,3.8570000000000007
"University of the West of England, Bristol",D,34.0,3.667
University College London,D,30.0,4.0
University of Brighton,C,17.0,3.0
Birmingham City University,B,12.0,2.75
The University of Leeds,D,31.0,3.5
University of Glasgow,C,17.0,3.611
University of Wales Trinity Saint David / Prifysgol Cymru Y Drindod Dewi Sant,D,31.0,3.25
University of Southampton,D,30.0,4.0
Aston University,D,25.0,3.0
University of Strathclyde,C,18.0,3.3329999999999997
The University of Hull,C,20.0,3.75
University of Durham,D,30.0,3.0
"University of Northampton, The",C,21.0,1.75
University of York,A,4.0,3.25
The University of Leeds,C,17.0,3.611
University of Stirling,A,4.0,3.667
University of St Andrews,B,11.0,3.333
The University of Reading,D,28.0,2.5
University of Wolverhampton,C,24.0,2.75
The University of Warwick,D,26.0,3.0
Queen Mary University of London,D,28.0,3.375
University of St Andrews,D,30.0,2.75
University College of Osteopathy (The),A,3.0,1.5
University of Stirling,D,27.0,3.1659999999999995
University of Chester,C,15.0,1.75
The University of Leicester,D,27.0,3.875
University of Chester,B,10.0,1.25
The University of Sheffield,B,10.0,3.875
"City, University of London",D,34.0,3.5
Robert Gordon University,C,17.0,2.25
London Metropolitan University,C,23.0,1.75
The University of Warwick,D,33.0,3.625
Kingston University,D,27.0,3.0
The University of Huddersfield,D,32.0,2.8329999999999997
The University of Bath,C,20.0,3.875
"University of Nottingham, The",D,28.0,3.5
University of Chester,D,31.0,3.5
The University of Liverpool,D,28.0,3.5
University of Dundee,A,1.0,3.5
University of Central Lancashire,D,30.0,3.0
University of York,C,23.0,4.0
The University of Manchester,A,3.0,3.722
University of Bristol,C,21.0,3.1659999999999995
Canterbury Christ Church University,D,27.0,3.0
University for the Creative Arts,D,32.0,3.125
Sheffield Hallam University,D,28.0,2.5
University of Newcastle upon Tyne,A,5.0,3.4
The University of Birmingham,B,11.0,4.0
The University of East Anglia,D,32.0,3.5
The University of East Anglia,D,25.0,3.625
Birmingham City University,C,13.0,3.25
"Imperial College of Science, Technology and Medicine",C,17.0,3.571
The University of Bolton,B,12.0,2.75
London Metropolitan University,A,3.0,2.8329999999999997
University of Chester,D,27.0,2.75
The University of Sheffield,C,14.0,3.625
Staffordshire University,B,12.0,2.75
University of Central Lancashire,C,24.0,2.25
University of Brighton,C,24.0,3.5
University of Bedfordshire,C,20.0,3.5
University of Newcastle upon Tyne,B,10.0,2.625
University of Keele,C,14.0,3.0
Cardiff University / Prifysgol Caerdydd,C,18.0,3.875
University of Gloucestershire,C,13.0,1.5
Liverpool Hope University,D,33.0,3.0
Royal Holloway and Bedford New College,B,10.0,3.0
University of St Andrews,D,32.0,3.667
University of Chester,D,25.0,2.0
Roehampton University,A,3.0,3.25
University of Glasgow,B,9.0,3.2
University of Newcastle upon Tyne,D,26.0,3.75
University of Stirling,C,24.0,3.0
University of Southampton,C,20.0,3.875
University of South Wales / Prifysgol De Cymru,C,24.0,3.25
The London School of Economics and Political Science,D,34.0,4.0
University of Aberdeen,D,33.0,1.75
University of Central Lancashire,B,9.0,3.5
University of Derby,D,34.0,1.8339999999999999
Manchester Metropolitan University,C,21.0,3.0
The University of Lancaster,C,21.0,3.25
Glasgow Caledonian University,C,13.0,2.6670000000000003
University of Oxford,B,12.0,3.9
"Solent University, Southampton",C,20.0,1.75
The University of Manchester,C,22.0,3.75
The University of West London,D,34.0,3.25
University of Durham,B,7.0,2.9999999999999996
University of Strathclyde,C,19.0,4.0
The University of Manchester,C,19.0,3.3
"University of the West of England, Bristol",B,12.0,3.125
Leeds Trinity University,C,23.0,1.0
University of Central Lancashire,B,11.0,2.5
The University of Reading,C,15.0,3.75
The University of East Anglia,B,7.0,3.75
University of Plymouth,A,6.0,4.0
Staffordshire University,C,15.0,3.5
Aberystwyth University / Prifysgol Aberystwyth,C,14.0,3.167
Liverpool School of Tropical Medicine,A,2.0,3.5
University of Central Lancashire,D,33.0,2.75
University of Newcastle upon Tyne,B,7.0,3.8329999999999997
Newman University,A,4.0,0.5
Glasgow Caledonian University,D,34.0,3.5
University of Wales Trinity Saint David / Prifysgol Cymru Y Drindod Dewi Sant,D,26.0,3.5
"Imperial College of Science, Technology and Medicine",B,11.0,4.0
Edge Hill University,A,5.0,2.75
Roehampton University,C,17.0,2.5
"Imperial College of Science, Technology and Medicine",A,4.0,3.667
The University of Reading,B,11.0,3.75
The University of Liverpool,D,33.0,3.75
University of Bristol,D,27.0,3.25
Cardiff University / Prifysgol Caerdydd,B,10.0,3.5
The University of Warwick,B,10.0,3.7220000000000004
University College London,B,9.0,3.111
Buckinghamshire New University,C,20.0,1.75
Nottingham Trent University,B,12.0,3.75
University of York,B,8.0,3.6
University of Lincoln,A,4.0,3.667
University of Glasgow,A,2.0,3.5
University of Glasgow,C,20.0,3.4
Cardiff University / Prifysgol Caerdydd,C,21.0,3.375
"University of Northampton, The",C,14.0,2.25
The University of Sheffield,A,3.0,3.389
London Metropolitan University,C,17.0,2.75
Staffordshire University,A,3.0,3.333
University of Central Lancashire,C,20.0,3.667
University of Lincoln,C,19.0,3.25
The University of Reading,A,4.0,3.75
The University of Kent,C,17.0,2.833
Anglia Ruskin University Higher Education Corporation,D,28.0,3.25
Teesside University,A,4.0,2.5
London South Bank University,A,4.0,2.3340000000000005
Queen's University of Belfast,C,19.0,3.5
University of Glasgow,C,15.0,3.5
University of Dundee,D,30.0,1.75
Sheffield Hallam University,B,12.0,2.875
University of Oxford,C,19.0,3.5
"University of Northampton, The",D,28.0,2.75
University of the Highlands and Islands,D,28.0,2.75
Queen Mary University of London,C,14.0,3.25
University of Newcastle upon Tyne,C,15.0,3.5
Bishop Grosseteste University,D,28.0,1.0
Aberystwyth University / Prifysgol Aberystwyth,D,27.0,2.25
University of Glasgow,D,33.0,3.5
University of East London,D,34.0,2.75
The University of Warwick,D,28.0,3.5
University of Worcester,D,28.0,2.75
Wrexham Glyndŵr University / Prifysgol Glyndŵr Wrecsam,C,20.0,2.5
Coventry University,A,3.0,3.167
Heriot-Watt University,B,8.0,2.875
Swansea University / Prifysgol Abertawe,C,20.0,2.6670000000000003
University of Southampton,B,10.0,3.7
Bournemouth University,B,12.0,2.5
Bournemouth University,C,15.0,3.667
University of Stirling,C,18.0,3.25
The University of East Anglia,B,8.0,3.8329999999999997
University of Ulster,C,17.0,3.333
University of Ulster,A,3.0,3.5
University of Ulster,D,33.0,4.0
University of Ulster,B,11.0,3.417
Liverpool John Moores University,D,28.0,2.25
Liverpool John Moores University,B,9.0,3.5
Liverpool John Moores University,C,23.0,2.168
Liverpool John Moores University,C,18.0,2.25
Liverpool John Moores University,B,7.0,2.7
Liverpool John Moores University,C,17.0,2.0
Liverpool John Moores University,A,3.0,2.8339999999999996
Liverpool John Moores University,A,4.0,2.5
Liverpool John Moores University,C,13.0,2.3329999999999997
Liverpool John Moores University,C,24.0,3.1
Liverpool John Moores University,B,12.0,3.5
Liverpool John Moores University,C,20.0,1.0
Liverpool John Moores University,B,11.0,2.75
Liverpool John Moores University,D,32.0,3.333
Liverpool John Moores University,D,34.0,2.5
Liverpool John Moores University,D,27.0,3.667
The University of Leicester,A,2.0,3.5
Aberystwyth University / Prifysgol Aberystwyth,D,33.0,3.0
The University of Manchester,B,10.0,3.571
University of Glasgow,A,4.0,3.5
University of Wolverhampton,C,20.0,1.75
Middlesex University,D,34.0,3.0
University of Plymouth,B,10.0,2.5
University of Derby,A,4.0,2.6670000000000003
The University of Bath,A,5.0,2.75
University of Greenwich,A,3.0,2.9
University of Winchester,D,27.0,2.75
University of Winchester,C,19.0,3.0
Oxford Brookes University,C,18.0,2.75
The University of Huddersfield,A,4.0,2.6660000000000004
Queen's University of Belfast,C,22.0,3.25
Leeds Trinity University,D,31.0,
Edge Hill University,C,17.0,3.0
King's College London,B,10.0,3.5
Bournemouth University,C,18.0,3.25
Aberystwyth University / Prifysgol Aberystwyth,A,4.0,1.5
"University of Nottingham, The",A,3.0,3.5629999999999997
University of Bristol,C,19.0,3.5
University of Keele,A,2.0,3.333
University of Keele,A,3.0,3.8
Edinburgh Napier University,C,18.0,2.25
The University of Sheffield,D,30.0,3.25
University of Lincoln,D,28.0,3.0010000000000003
Aberystwyth University / Prifysgol Aberystwyth,D,28.0,2.5
The University of Cumbria,A,3.0,2.5
The University of Reading,B,10.0,3.5
The University of Huddersfield,C,13.0,3.75
Cardiff University / Prifysgol Caerdydd,B,8.0,3.625
University of Bristol,B,7.0,3.5
Edinburgh Napier University,B,7.0,3.5
University of Newcastle upon Tyne,C,23.0,3.5
The University of Hull,B,12.0,3.1659999999999995
Cranfield University,A,6.0,3.75
The University of Leeds,A,3.0,3.6
University of Plymouth,A,1.0,3.5
York St John University,C,17.0,2.25
University of Bristol,A,6.0,4.0
The University of Leicester,B,7.0,3.3329999999999997
Anglia Ruskin University Higher Education Corporation,C,17.0,3.5
University College London,C,22.0,3.25
University of Dundee,C,20.0,3.25
The University of Liverpool,A,4.0,3.8
The University of Bath,A,4.0,3.2
University of Greenwich,A,6.0,3.625
University of Glasgow,B,10.0,3.9
Brunel University London,C,19.0,3.333
London South Bank University,C,20.0,2.9999999999999996
The University of Kent,B,12.0,3.333
York St John University,A,4.0,3.0
Loughborough University,B,9.0,2.75
Sheffield Hallam University,A,3.0,3.3339999999999996
"University of Nottingham, The",B,12.0,3.8179999999999996
University of Sussex,C,20.0,3.25
Loughborough University,A,2.0,2.5
Royal Holloway and Bedford New College,C,20.0,3.5
University of Sussex,D,30.0,3.75
University of Sussex,A,4.0,3.6
University of the West of Scotland,C,23.0,2.25
"University of Nottingham, The",C,19.0,3.25
School of Oriental and African Studies,C,17.0,3.75
University of Wolverhampton,C,23.0,1.6669999999999998
Queen Mary University of London,C,17.0,3.6
University of the Highlands and Islands,D,25.0,4.0
Royal Holloway and Bedford New College,A,5.0,3.333
University of Sussex,C,18.0,3.0
University of the Highlands and Islands,A,3.0,3.5
University of Central Lancashire,D,26.0,3.75
Cardiff Metropolitan University / Prifysgol Metropolitan Caerdydd,C,23.0,2.25
Abertay University,A,6.0,3.0
Sheffield Hallam University,C,24.0,3.8
London South Bank University,B,12.0,2.625
Edge Hill University,C,23.0,3.0010000000000003
Sheffield Hallam University,C,20.0,2.5
University of Exeter,B,11.0,2.3339999999999996
The University of East Anglia,A,6.0,4.0
University of Exeter,C,18.0,3.9
Liverpool Hope University,A,6.0,1.25
University of the West of Scotland,B,7.0,3.0
Brunel University London,C,24.0,3.5
Anglia Ruskin University Higher Education Corporation,C,24.0,2.25
University College London,C,17.0,3.125
University of Wolverhampton,D,26.0,2.75
"University of Nottingham, The",B,11.0,3.5
Oxford Brookes University,A,4.0,4.0
Brunel University London,A,4.0,1.6669999999999998
The London School of Economics and Political Science,C,18.0,3.0
Coventry University,A,4.0,4.0
University of East London,C,17.0,2.5
University of Southampton,C,23.0,3.167
The University of Kent,B,9.0,3.0
University of Wolverhampton,A,4.0,2.5
The University of Huddersfield,D,28.0,3.25
London South Bank University,C,17.0,3.25
York St John University,A,3.0,1.75
Glasgow Caledonian University,C,23.0,2.75
Swansea University / Prifysgol Abertawe,A,4.0,3.0
"Imperial College of Science, Technology and Medicine",A,2.0,3.8329999999999997
University of Northumbria at Newcastle,C,13.0,2.875
University of Hertfordshire,D,30.0,3.0
Leeds Beckett University,B,11.0,2.75
Canterbury Christ Church University,C,23.0,3.0
"University of Nottingham, The",C,20.0,3.625
University of Exeter,D,31.0,4.0
The University of East Anglia,C,19.0,4.0
The London School of Economics and Political Science,C,16.0,3.7
Edge Hill University,C,24.0,3.667
University of Stirling,C,19.0,2.75
Leeds Beckett University,C,23.0,2.0
University of the West of Scotland,A,3.0,2.8329999999999997
University of Worcester,A,3.0,2.5
University of Newcastle upon Tyne,A,6.0,3.25
The London School of Economics and Political Science,D,25.0,3.667
The University of Kent,C,24.0,3.75
York St John University,C,24.0,2.5
The Open University,A,4.0,3.667
The Royal Central School of Speech and Drama,D,33.0,3.8329999999999997
University of Cambridge,C,23.0,3.8
"St Mary's University, Twickenham",C,20.0,2.0
University of Keele,B,11.0,2.75
Sheffield Hallam University,C,23.0,3.25
Nottingham Trent University,C,18.0,3.75
University of Sussex,C,16.0,3.5
The University of Surrey,C,16.0,3.5
"University of the West of England, Bristol",A,3.0,3.375
Coventry University,C,24.0,2.75
Edge Hill University,A,3.0,2.8329999999999997
The University of Leicester,C,18.0,2.625
The University of Essex,C,21.0,3.5
University of Derby,A,3.0,2.375
University of Southampton,C,16.0,3.333
The University of Bolton,C,23.0,1.0
Goldsmiths' College,C,22.0,3.8329999999999997
University of Worcester,C,20.0,2.25
University of Newcastle upon Tyne,C,19.0,2.8339999999999996
The University of East Anglia,C,23.0,3.5
University of Newcastle upon Tyne,A,2.0,3.5
The London School of Economics and Political Science,C,14.0,3.75
University of Sunderland,B,11.0,2.25
The University of Kent,D,30.0,3.5
University of York,C,20.0,3.5
Edinburgh Napier University,B,12.0,2.9999999999999996
University of Lincoln,C,20.0,3.0
"University of the West of England, Bristol",C,23.0,3.75
University College London,C,14.0,3.4
The University of Huddersfield,C,24.0,2.5
The University of Manchester,D,33.0,4.0
University of Cambridge,D,32.0,3.5
University of Central Lancashire,B,12.0,2.75
University of Bristol,C,17.0,3.1670000000000003
Sheffield Hallam University,A,4.0,3.5
"University of Northampton, The",A,4.0,2.5
Cranfield University,C,17.0,3.625
University of Wolverhampton,C,17.0,2.75
The University of Leicester,C,24.0,4.0
Queen Mary University of London,D,33.0,3.25
University of Newcastle upon Tyne,D,28.0,2.625
"University of Nottingham, The",B,8.0,3.375
The University of Westminster,D,27.0,3.333
University of Cambridge,B,7.0,3.625
The Open University,D,31.0,2.75
"University of Northampton, The",D,27.0,2.75
University of Bristol,D,28.0,3.625
Edinburgh Napier University,C,17.0,2.667
Kingston University,B,11.0,2.6670000000000003
University of Keele,C,17.0,2.5
University of South Wales / Prifysgol De Cymru,C,17.0,2.5
University of the Highlands and Islands,C,23.0,1.25
The University of Manchester,C,18.0,3.4
Birmingham City University,C,18.0,2.5
"Solent University, Southampton",C,24.0,2.5
The University of Birmingham,B,7.0,3.667
The University of Leeds,D,28.0,2.75
The University of Essex,D,30.0,3.5
Liverpool Hope University,B,11.0,1.75
University of Newcastle upon Tyne,C,18.0,3.5
Bangor University / Prifysgol Bangor,A,3.0,3.333
Oxford Brookes University,B,12.0,2.333
Swansea University / Prifysgol Abertawe,C,17.0,3.1
University of St Andrews,A,4.0,3.333
The Open University,D,27.0,3.5
"St Mary's University, Twickenham",C,24.0,3.5
The University of Kent,A,2.0,3.5
University of South Wales / Prifysgol De Cymru,B,7.0,3.0
Goldsmiths' College,C,19.0,2.75
"City, University of London",C,16.0,3.1659999999999995
The University of Kent,C,13.0,3.25
Queen Mary University of London,C,16.0,3.375
Aston University,C,21.0,3.0
Liverpool Hope University,D,28.0,2.5
University of St Andrews,D,28.0,3.3
University of Edinburgh,C,16.0,2.8329999999999997
University of Winchester,D,31.0,3.5
University of Ulster,C,24.0,3.5
The University of Warwick,A,4.0,3.667
The University of Liverpool,C,18.0,3.7
University of Sussex,D,33.0,3.5
Cardiff Metropolitan University / Prifysgol Metropolitan Caerdydd,A,3.0,2.5
Coventry University,D,32.0,3.75
University of Northumbria at Newcastle,B,12.0,3.1669999999999994
University of Glasgow,D,34.0,3.5
University of Central Lancashire,D,27.0,3.25
The University of Hull,B,8.0,3.25
University of Keele,D,30.0,2.25
The University of Warwick,B,8.0,3.5
Cardiff Metropolitan University / Prifysgol Metropolitan Caerdydd,D,32.0,3.8329999999999997
University of Greenwich,C,18.0,4.0
Leeds Trinity University,A,4.0,1.0
The University of Warwick,D,32.0,3.5
King's College London,D,33.0,3.8329999999999997
University of Cambridge,C,14.0,3.125
University of Cambridge,B,11.0,3.428
University of Bristol,D,30.0,3.1659999999999995
School of Oriental and African Studies,D,31.0,3.25
University of South Wales / Prifysgol De Cymru,D,33.0,1.75
Bournemouth University,A,4.0,2.75
The University of Kent,C,23.0,3.25
The University of Manchester,C,13.0,3.3329999999999997
Queen's University of Belfast,D,26.0,2.8329999999999997
The University of Lancaster,B,12.0,3.375
The University of Lancaster,B,8.0,2.9999999999999996
University of Stirling,D,28.0,3.5
University of Chester,D,28.0,2.75
King's College London,D,26.0,3.0
The University of Essex,D,26.0,4.0
University of Lincoln,B,9.0,2.75
The University of Leeds,B,9.0,3.667
University of Winchester,D,28.0,2.5
University of York,C,21.0,4.0
The University of Leeds,B,11.0,3.8329999999999997
"City, University of London",D,27.0,3.25
Nottingham Trent University,D,28.0,3.5
The University of Kent,D,33.0,4.0
University of Newcastle upon Tyne,D,33.0,3.5
University of Durham,D,29.0,3.5
De Montfort University,C,13.0,3.5
University of Durham,D,26.0,3.0
University of Aberdeen,B,11.0,3.25
Leeds Beckett University,C,19.0,2.5
"University of Salford, The",B,7.0,3.5
The University of East Anglia,C,20.0,4.0
University of Sussex,D,32.0,3.75
"University of Nottingham, The",A,4.0,3.429
The University of Cumbria,C,23.0,2.25
Queen's University of Belfast,D,30.0,3.5
The London School of Economics and Political Science,D,30.0,3.5
Roehampton University,D,34.0,3.75
Anglia Ruskin University Higher Education Corporation,C,23.0,2.0
Queen's University of Belfast,C,13.0,3.167
University of Plymouth,D,33.0,3.5
University of Aberdeen,A,5.0,3.25
"University of the West of England, Bristol",A,6.0,3.25
University of Worcester,C,14.0,2.25
University of Lincoln,C,14.0,0.75
Heriot-Watt University,B,7.0,2.8329999999999997
The University of Liverpool,B,10.0,3.1
The University of Kent,B,8.0,3.25
University of Plymouth,D,27.0,3.75
Wrexham Glyndŵr University / Prifysgol Glyndŵr Wrecsam,B,11.0,2.0
The University of Cumbria,C,20.0,2.25
The London School of Economics and Political Science,C,21.0,3.125
University of Worcester,D,32.0,2.5
University of Wolverhampton,D,28.0,2.75
Loughborough University,C,20.0,3.75
University of Oxford,D,32.0,4.0
University of Durham,C,19.0,2.8339999999999996
Swansea University / Prifysgol Abertawe,B,10.0,4.0
University of York,D,33.0,3.5
Bangor University / Prifysgol Bangor,A,4.0,3.667
Bath Spa University,D,34.0,3.0
Aberystwyth University / Prifysgol Aberystwyth,D,32.0,2.75
"University of Nottingham, The",D,34.0,3.5
University of Southampton,D,33.0,3.25
University of Edinburgh,D,33.0,2.9999999999999996
The University of Leicester,B,8.0,3.25
University of South Wales / Prifysgol De Cymru,B,12.0,2.9999999999999996
Glasgow Caledonian University,D,28.0,2.0
Newman University,D,27.0,1.5
Goldsmiths' College,C,17.0,2.6670000000000003
Edinburgh Napier University,D,33.0,1.0
The University of Essex,A,4.0,3.6
University of Plymouth,D,28.0,3.25
The University of Lancaster,D,27.0,3.167
The University of Chichester,C,24.0,3.1659999999999995
University of Newcastle upon Tyne,C,13.0,3.3
University of the Highlands and Islands,B,7.0,3.5
The University of Manchester,C,23.0,3.8329999999999997
University of Sunderland,C,23.0,2.75
University of Worcester,D,33.0,1.0
The University of Birmingham,B,10.0,3.5
"University of Nottingham, The",D,33.0,3.25
Heriot-Watt University,B,9.0,3.167
University of Aberdeen,C,15.0,3.25
University of Hertfordshire,D,27.0,3.25
University of Chester,C,14.0,1.5
The London School of Economics and Political Science,C,19.0,3.333
The University of East Anglia,D,28.0,3.75
Leeds Beckett University,D,28.0,1.75
"Arts University Bournemouth, the",D,32.0,2.8329999999999997
University of Gloucestershire,D,31.0,1.5
University of Dundee,B,11.0,3.5
Newman University,C,20.0,2.0
Manchester Metropolitan University,D,28.0,2.8329999999999997
Royal Holloway and Bedford New College,A,4.0,4.0
Sheffield Hallam University,B,11.0,2.6670000000000003
The University of Birmingham,D,33.0,3.333
University of Wolverhampton,D,27.0,3.25
Queen's University of Belfast,D,33.0,3.167
The University of Kent,D,26.0,3.3329999999999997
The University of Reading,D,30.0,3.0
University of Ulster,D,32.0,3.667
Edinburgh Napier University,D,27.0,2.75
University of Bristol,C,22.0,3.25
Roehampton University,C,23.0,3.75
The University of Bath,C,24.0,3.875
University of Newcastle upon Tyne,D,27.0,3.875
Aberystwyth University / Prifysgol Aberystwyth,C,17.0,2.75
The Open University,B,10.0,3.333
Canterbury Christ Church University,C,19.0,3.0
York St John University,D,27.0,1.75
The University of Hull,C,19.0,2.5
University of Wales Trinity Saint David / Prifysgol Cymru Y Drindod Dewi Sant,C,23.0,2.75
University of Wolverhampton,C,18.0,3.0
School of Oriental and African Studies,D,32.0,3.5
University of Chester,D,33.0,2.5
Middlesex University,A,4.0,3.667
Royal Northern College of Music,D,33.0,2.25
London Metropolitan University,B,11.0,0.5
The University of Warwick,D,30.0,3.333
University of Wales Trinity Saint David / Prifysgol Cymru Y Drindod Dewi Sant,A,4.0,1.0
"University of Northampton, The",C,23.0,3.5
University of Oxford,D,31.0,3.2
The Open University,C,19.0,2.75
Oxford Brookes University,C,17.0,2.625
The University of Reading,C,18.0,2.8329999999999997
University of Winchester,C,17.0,3.25
The University of Surrey,C,23.0,3.5
The University of Sheffield,A,4.0,3.667
Aberystwyth University / Prifysgol Aberystwyth,C,18.0,3.75
University of Sussex,B,8.0,3.75
University of East London,B,12.0,2.75
Queen's University of Belfast,C,15.0,3.25
University of Aberdeen,B,8.0,3.5
The University of Liverpool,D,30.0,3.75
The University of Essex,A,2.0,2.75
The Royal Academy of Music,D,33.0,2.0
Bishop Grosseteste University,D,31.0,1.25
The University of Reading,D,32.0,3.5
University of Gloucestershire,A,4.0,0.5
Canterbury Christ Church University,D,31.0,3.25
Anglia Ruskin University Higher Education Corporation,C,13.0,1.75
University of Bedfordshire,C,23.0,1.75
University of Durham,D,31.0,3.5
University of Exeter,A,3.0,3.5
University of Brighton,C,23.0,3.25
Liverpool Hope University,D,31.0,3.5
University of St Andrews,D,31.0,3.0
University of Lincoln,B,8.0,3.0
University of Plymouth,C,20.0,3.75
"Queen Margaret University, Edinburgh",A,4.0,3.0
Liverpool School of Tropical Medicine,A,1.0,3.9
The Open University,B,7.0,3.3329999999999997
Middlesex University,C,14.0,3.5
The University of Warwick,C,16.0,3.8
"University of Nottingham, The",C,18.0,3.5
Birkbeck College,C,21.0,3.25
Newman University,D,31.0,1.75
Royal Holloway and Bedford New College,D,26.0,3.75
Birmingham City University,C,23.0,2.75
Goldsmiths' College,C,20.0,3.75
"University of Nottingham, The",C,24.0,3.0
De Montfort University,D,28.0,2.25
"University of Salford, The",C,20.0,3.75
Birkbeck College,D,28.0,3.375
University of Edinburgh,D,31.0,2.6670000000000003
The University of Surrey,D,27.0,3.75
The University of Huddersfield,C,18.0,1.75
University of Aberdeen,D,27.0,2.333
Bournemouth University,C,17.0,3.0
Edge Hill University,D,34.0,3.5
University of Exeter,C,15.0,3.25
University of Aberdeen,C,22.0,3.0
The University of Leicester,C,15.0,4.0
The University of Leeds,C,18.0,4.0
Manchester Metropolitan University,B,12.0,3.75
University of Hertfordshire,C,23.0,2.25
York St John University,D,28.0,1.5
University of Dundee,D,28.0,2.0
University of Aberdeen,C,23.0,2.5
University of Plymouth,B,11.0,1.5
Swansea University / Prifysgol Abertawe,C,18.0,2.8329999999999997
Nottingham Trent University,C,20.0,2.25
Oxford Brookes University,C,19.0,2.9999999999999996
The University of Sheffield,D,25.0,3.25
Robert Gordon University,D,34.0,2.75
The University of Leeds,D,34.0,3.0
Brunel University London,C,21.0,3.0
The University of Liverpool,C,19.0,3.667
"Queen Margaret University, Edinburgh",A,2.0,3.0
The University of Birmingham,C,23.0,4.0
The University of Sheffield,C,15.0,2.75
University of Southampton,D,32.0,3.25
The University of Surrey,D,25.0,3.25
The University of Lancaster,B,11.0,3.75
University of East London,A,3.0,2.6670000000000003
University of Ulster,C,18.0,3.25
The University of Bradford,C,17.0,3.1659999999999995
The University of Leicester,C,21.0,2.75
University of Dundee,B,10.0,3.25
The University of West London,D,33.0,3.5
The University of Birmingham,B,12.0,3.7220000000000004
Royal Holloway and Bedford New College,B,12.0,2.75
University of Lincoln,B,12.0,3.0
The University of Kent,B,10.0,2.9999999999999996
The University of Hull,C,24.0,3.75
University of Newcastle upon Tyne,D,29.0,2.75
"University of Salford, The",D,34.0,3.5
The University of Bolton,A,3.0,0.5
Roehampton University,D,28.0,2.75
University of Sunderland,B,12.0,2.25
Staffordshire University,C,17.0,3.5
Glasgow Caledonian University,C,20.0,2.5
University of Glasgow,C,13.0,3.5
The University of Birmingham,D,25.0,3.0
University of Derby,B,7.0,3.25
University of Lincoln,C,13.0,2.25
University of Southampton,C,15.0,3.75
The University of West London,C,24.0,2.0
Canterbury Christ Church University,D,28.0,3.0
Liverpool Hope University,C,24.0,1.75
Liverpool Hope University,D,27.0,2.25
University of Aberdeen,D,31.0,3.75
"Queen Margaret University, Edinburgh",A,3.0,3.75
Birkbeck College,D,30.0,2.0
University of York,C,18.0,3.3339999999999996
University of East London,C,20.0,3.0
The University of Sheffield,B,9.0,3.8329999999999997
York St John University,D,31.0,1.5
"University of Nottingham, The",D,31.0,3.75
University of Bristol,D,29.0,3.25
University of Keele,B,9.0,3.0
The University of Hull,D,28.0,4.0
University of Brighton,B,11.0,3.5
Canterbury Christ Church University,D,33.0,3.0
The University of Essex,D,33.0,2.75
University of Glasgow,D,30.0,3.25
The University of Hull,C,23.0,3.5
Canterbury Christ Church University,A,4.0,3.333
The University of Bradford,C,15.0,3.25
The University of Birmingham,D,31.0,4.0
Nottingham Trent University,D,32.0,3.5
The University of Birmingham,C,18.0,3.375
Leeds Arts University,D,33.0,0.75
University of Bristol,C,16.0,3.5
University of Ulster,D,28.0,2.75
University of Portsmouth,A,3.0,3.0
University of Portsmouth,A,4.0,3.75
University of Portsmouth,B,7.0,3.5
University of Portsmouth,B,9.0,3.75
University of Portsmouth,B,10.0,3.25
University of Portsmouth,B,11.0,3.3329999999999997
University of Portsmouth,B,12.0,2.625
University of Portsmouth,C,14.0,2.25
University of Portsmouth,C,17.0,3.429
University of Portsmouth,C,18.0,2.5
University of Portsmouth,C,20.0,3.0
University of Portsmouth,C,24.0,4.0
University of Portsmouth,D,25.0,3.5
University of Portsmouth,D,27.0,3.333
University of Portsmouth,D,32.0,3.167
University of Portsmouth,D,33.0,2.5
University of Exeter,C,24.0,4.0
University of South Wales / Prifysgol De Cymru,D,28.0,3.5
"University of Nottingham, The",D,30.0,2.75
Sheffield Hallam University,D,34.0,3.1659999999999995
Heriot-Watt University,A,4.0,2.5
